,City,Cloudiness,Date,Humidity,Lat,Lon,Max_Temp,Wind_Speed
0,Cockburn Town,0,1554656106,96,21.46,-71.14,299.434,7.51
1,Jamestown,0,1554656203,81,-33.21,138.6,279.034,1.11
2,Busselton,0,1554656111,52,-33.64,115.35,285.37,5.31
3,Okitipupa,8,1554656204,64,6.5,4.78,303.334,2.36
4,Castro,75,1554652800,82,-42.48,-73.76,290.15,5.7
5,Middelburg,12,1554656205,73,-25.77,29.46,288.384,0.71
6,Rikitea,32,1554656205,100,-23.12,-134.97,298.234,3.71
7,Puerto Ayora,20,1554655544,70,-0.74,-90.35,302.15,4.1
8,Qixingtai,0,1554656205,67,30.41,111.89,293.134,4.11
9,Mar del Plata,92,1554656205,64,-46.43,-67.52,286.684,3.56
10,Cape Town,0,1554656167,77,-33.93,18.42,295.37,5.7
11,Pangnirtung,90,1554652800,58,66.15,-65.72,271.15,2.6
12,Port Lincoln,92,1554656206,94,-34.72,135.86,290.984,6.46
13,Bluff,0,1554656206,86,-23.58,149.07,289.334,1.71
14,Vaini,0,1554656207,81,15.34,74.49,295.734,1.21
15,Skibbereen,75,1554654600,87,51.55,-9.27,281.15,7.2
16,Hermanus,0,1554655585,76,-34.42,19.24,295.37,2.24
17,Thompson,75,1554652800,51,55.74,-97.86,263.15,6.2
18,Guerrero Negro,0,1554656208,56,27.97,-114.04,296.834,1.61
19,Nemuro,0,1554656208,95,43.32,145.57,274.234,6.81
20,Avarua,64,1554656113,100,-21.21,-159.78,299.484,6.81
21,Deputatskiy,0,1554656208,47,69.3,139.9,253.534,1.21
22,Ushuaia,75,1554652800,69,-54.81,-68.31,277.15,14.9
23,Yellowknife,90,1554655941,79,62.45,-114.38,269.15,4.6
24,Pevek,24,1554656209,88,69.7,170.27,251.734,2.41
25,Tasiilaq,92,1554652200,50,65.61,-37.64,274.15,13.4
26,Albany,75,1554656043,50,42.65,-73.75,291.48,2.6
27,Kapaa,1,1554655578,77,22.08,-159.32,294.15,3.6
28,Arraial do Cabo,0,1554652800,70,-22.97,-42.02,307.15,6.2
29,Kudahuvadhoo,92,1554656210,100,2.67,72.89,301.084,2.51
30,Zapolyarnyy,40,1554654000,74,69.43,30.82,272.15,6.2
31,Barrow,0,1554656210,37,-38.31,-60.23,301.434,4.51
32,Ribeira Grande,40,1554654600,51,38.52,-28.7,289.15,10.3
33,Bambous Virieux,40,1554656039,74,-20.34,57.76,300.15,5.7
34,Vardo,75,1554656208,60,39.62,-77.74,294.82,4.1
35,Nikolskoye,20,1554655471,39,59.7,30.79,282.15,5.0
36,Chokurdakh,32,1554656211,66,70.62,147.9,260.034,1.31
37,Verkhnevilyuysk,56,1554656212,71,63.45,120.31,268.984,2.86
38,Hobart,40,1554656175,62,-42.88,147.33,284.15,3.6
39,Nantucket,1,1554655876,47,41.28,-70.1,288.15,6.2
40,Verkhoyansk,0,1554656213,54,67.55,133.39,256.984,1.16
41,Kungurtug,80,1554656213,76,50.6,97.53,267.034,2.56
42,Atuona,20,1554656213,97,-9.8,-139.03,301.434,7.21
43,Berlevag,75,1554655800,68,70.86,29.09,272.15,8.7
44,Qaanaaq,88,1554656214,92,77.48,-69.36,266.084,6.71
45,Senador Jose Porfirio,88,1554656214,79,-2.59,-51.95,301.784,1.61
46,Iqaluit,90,1554655330,85,63.75,-68.52,268.15,7.2
47,Kaitangata,0,1554656100,84,-46.28,169.85,277.04,1.79
48,Bredasdorp,0,1554655534,72,-34.53,20.04,294.82,3.6
49,Lebu,64,1554656215,46,8.96,38.73,290.934,2.41
50,Nikel,40,1554655800,74,69.41,30.21,271.15,7.2
51,Faya,0,1554652800,68,18.39,42.45,294.15,4.6
52,Port Hedland,12,1554654600,94,-20.31,118.58,300.15,1.21
53,Khatanga,56,1554656216,82,71.98,102.47,263.484,6.61
54,Georgetown,75,1554652800,70,6.8,-58.16,304.15,6.2
55,Butaritari,92,1554656217,100,3.07,172.79,300.134,5.46
56,Hamina,0,1554655901,45,60.57,27.2,281.15,4.1
57,Colares,75,1554656145,93,38.8,-9.45,290.15,4.6
58,Hilo,40,1554656195,82,19.71,-155.08,292.59,1.5
59,Mitzic,92,1554656218,85,0.78,11.55,298.734,0.86
60,Alta Floresta,92,1554656219,87,-9.87,-56.08,298.934,0.91
61,Katherine,75,1554654600,78,-14.47,132.26,298.15,3.6
62,New Norfolk,40,1554656175,62,-42.78,147.06,284.15,3.6
63,Sola,20,1554656104,70,58.89,5.65,282.15,2.6
64,Perth,75,1554655928,93,56.4,-3.43,281.15,6.2
65,Champerico,5,1554651660,37,16.38,-93.6,303.15,2.1
66,Upernavik,36,1554656220,82,72.79,-56.15,275.684,8.01
67,Tarakan,20,1554652800,94,3.3,117.63,300.15,2.76
68,Ponta Delgada,20,1554656164,62,37.73,-25.67,288.15,9.3
69,Hasaki,0,1554655963,76,35.73,140.83,285.15,6.7
70,Husavik,88,1554656086,99,50.56,-96.99,278.15,2.24
71,Hualmay,8,1554656221,68,-11.1,-77.61,298.534,2.31
72,Sanmenxia,0,1554656221,76,34.77,111.19,285.434,1.31
73,Esperance,20,1554655544,43,10.24,-61.45,305.37,8.2
74,Westport,75,1554655922,71,53.8,-9.52,286.48,6.2
75,Khlung,8,1554656159,65,12.46,102.22,303.71,2.16
76,Kaeo,0,1554655085,92,-35.1,173.78,282.04,3.16
77,Geraldton,90,1554652800,75,49.72,-86.95,273.15,9.3
78,Banda Aceh,56,1554656102,100,5.56,95.32,297.884,1.16
79,Sri Aman,32,1554652800,94,1.24,111.46,299.15,1.06
80,Bilibino,0,1554656223,66,68.06,166.44,254.434,1.31
81,San Patricio,0,1554656224,61,-26.98,-56.83,297.884,2.56
82,Hirara,0,1554656224,98,24.8,125.28,297.584,1.56
83,Komatipoort,44,1554652800,78,-25.43,31.96,296.15,0.5
84,Port Alfred,20,1554656189,89,-33.59,26.89,292.59,2.68
85,Nanortalik,12,1554656225,96,60.14,-45.24,273.684,1.86
86,Kruisfontein,8,1554656155,71,-34.0,24.73,293.884,8.11
87,Kushima,0,1554655354,62,31.5,131.29,285.93,3.21
88,Neiafu,20,1554652800,94,-18.65,-173.98,300.15,1.0
89,Punta Arenas,0,1554655355,49,-53.16,-70.91,282.15,7.2
90,Iquique,0,1554652800,64,-20.22,-70.14,295.15,8.2
91,Carutapera,92,1554656128,94,-1.2,-46.02,299.934,1.71
92,Victoria Point,0,1554656207,93,-27.58,153.3,291.48,2.1
93,Rio de Janeiro,20,1554652800,79,-22.91,-43.21,309.15,5.1
94,Clyde River,40,1554652800,78,70.47,-68.59,262.15,6.2
95,Muli,0,1554656227,39,22.62,71.45,302.684,6.51
96,Saint-Philippe,90,1554656208,61,45.36,-73.48,283.71,1.5
97,Trelew,36,1554655978,36,-43.25,-65.31,300.184,1.36
98,La Ronge,90,1554652800,86,55.1,-105.3,271.15,5.7
99,Talnakh,88,1554656228,94,69.49,88.39,266.234,2.31
100,Luwuk,12,1554656044,99,-0.95,122.79,299.034,0.71
101,Khandyga,8,1554656228,84,62.65,135.58,264.534,1.21
102,Ulladulla,0,1554655556,45,-35.36,150.48,294.26,4.1
103,Pahrump,1,1554655813,19,36.21,-115.98,293.15,3.1
104,Bethel,1,1554652560,85,60.79,-161.76,267.15,3.6
105,Saldanha,92,1554656229,98,41.42,-6.55,281.084,3.46
106,Bathsheba,75,1554652800,78,13.22,-59.52,300.15,10.3
107,Taunsa,0,1554656230,55,30.7,70.65,297.334,0.91
108,Xining,88,1554656230,97,36.62,101.77,276.534,1.06
109,Ancud,75,1554652800,82,-41.87,-73.83,290.15,5.7
110,Mahebourg,40,1554656039,74,-20.41,57.7,300.15,5.7
111,Narsaq,88,1554652200,91,60.91,-46.05,273.15,1.5
112,East London,20,1554652800,77,-33.02,27.91,294.15,5.7
113,Hami,24,1554656231,73,42.84,93.51,281.784,0.61
114,Pocerski Pricinovic,0,1554656168,37,44.72,19.71,293.15,9.3
115,Mataura,0,1554656232,70,-46.19,168.86,270.634,1.26
116,Mecca,0,1554656232,47,21.43,39.83,300.484,1.86
117,Tezu,92,1554656232,54,27.93,96.16,288.984,0.86
118,Udimskiy,88,1554656232,98,61.14,45.92,275.034,1.76
119,Gohpur,92,1554656233,81,26.89,93.63,291.334,1.31
120,Tadine,36,1554656233,100,-21.55,167.88,296.934,3.71
121,Sinnamary,88,1554656233,93,5.38,-52.96,300.184,5.31
122,Comodoro Rivadavia,75,1554652800,55,-45.87,-67.48,289.15,2.1
123,Buala,80,1554656234,100,-8.15,159.59,298.234,1.51
124,Oktyabrskiy,0,1554655567,52,55.61,37.97,281.48,3.0
125,Sawtell,75,1554656006,83,-30.38,153.1,294.15,4.1
126,Fort Nelson,90,1554654300,86,58.81,-122.69,272.15,1.0
127,Lorengau,92,1554656234,100,-2.02,147.27,299.634,2.56
128,Sur,12,1554656154,78,22.57,59.53,301.084,1.41
129,Rocha,0,1554656036,61,-34.48,-54.34,296.384,1.96
130,Presidencia Roque Saenz Pena,0,1554656235,70,-26.79,-60.44,298.834,2.61
131,Ponta do Sol,92,1554656235,97,-20.63,-46.0,294.334,2.21
132,George Town,75,1554654600,83,5.42,100.33,301.15,1.0
133,Charlottetown,20,1554655981,52,46.23,-63.13,280.93,5.7
134,Biak,12,1554656236,99,-0.91,122.88,299.034,0.71
135,Pisco,0,1554652800,30,-13.71,-76.2,295.15,4.6
136,Los Llanos de Aridane,75,1554656160,64,28.66,-17.92,293.15,2.1
137,Jamame,0,1554656237,86,0.07,42.75,298.934,2.81
138,Lavrentiya,0,1554656237,90,65.58,-170.99,262.234,16.61
139,Nabire,88,1554656237,95,-3.36,135.5,292.884,0.76
140,Kulunda,0,1554656237,56,52.57,78.94,271.134,3.01
141,Ahlat,68,1554656238,87,38.75,42.49,274.734,1.21
142,Lompoc,40,1554656118,87,34.64,-120.46,292.59,3.51
143,Norden,0,1554656023,52,53.59,7.21,292.15,5.7
144,Tiksi,56,1554656238,74,71.64,128.87,266.284,4.66
145,Pacific Grove,1,1554655955,72,36.62,-121.92,291.48,0.91
146,Caravelas,0,1554656239,96,-17.73,-39.27,301.584,6.11
147,Khash,0,1554656239,38,28.22,61.21,288.684,2.41
148,Acapulco,5,1554652080,74,16.86,-99.88,300.15,4.1
149,San Vicente,75,1554656140,70,13.64,-88.78,303.15,2.1
150,Victoria,75,1554654600,88,5.28,115.24,300.15,3.46
151,Amapa,20,1554656136,49,15.09,-87.97,306.48,2.6
152,Chojnice,0,1554656229,29,53.7,17.57,289.82,3.81
153,Hohhot,0,1554652800,26,40.81,111.65,281.15,6.0
154,Fukue,75,1554656181,76,35.03,136.69,288.71,8.2
155,Coihaique,75,1554652800,87,-45.58,-72.07,288.15,1.11
156,Port Elizabeth,1,1554656232,48,39.31,-74.98,298.15,3.1
157,Dikson,36,1554656243,100,73.51,80.55,261.534,1.31
158,Golden,90,1554652800,59,51.3,-116.96,276.15,1.0
159,Rivadavia,0,1554656021,28,-31.53,-68.59,302.184,2.46
160,Meulaboh,48,1554656244,100,4.14,96.13,300.284,0.86
161,Baracoa,100,1554656244,93,20.35,-74.5,299.284,5.71
162,Bandarbeyla,0,1554656244,100,9.49,50.81,300.034,3.41
163,Yerofey Pavlovich,0,1554656244,52,53.97,121.97,269.334,2.56
164,Maceio,92,1554655992,65,-9.67,-35.74,302.634,5.71
165,Livingston,40,1554655500,61,32.58,-88.19,300.15,6.2
166,Naze,76,1554656245,67,5.43,7.07,302.634,3.76
167,Richards Bay,12,1554656245,94,-28.77,32.06,292.934,1.41
168,Kodiak,20,1554656230,82,39.95,-94.76,292.59,5.1
169,Sumkino,0,1554656246,74,58.11,68.32,270.584,2.56
170,Ust-Tsilma,88,1554656246,86,65.44,52.15,274.034,1.01
171,Constitucion,75,1554655815,24,23.99,-104.67,288.15,2.66
172,Cidreira,88,1554656246,96,-30.17,-50.22,294.084,3.56
173,Beloha,0,1554656247,58,-25.17,45.06,299.734,6.11
174,Saskylakh,8,1554656247,75,71.97,114.09,262.684,5.01
175,Severo-Kurilsk,88,1554656247,95,50.68,156.12,273.434,9.76
176,Faanui,24,1554656248,98,-16.48,-151.75,302.784,7.96
177,Salalah,0,1554652200,74,17.01,54.1,301.15,3.1
178,Dunedin,0,1554655886,80,-45.87,170.5,284.82,4.92
179,Kargasok,0,1554656248,86,59.06,80.87,269.234,2.41
180,Aguia Branca,44,1554656043,63,-18.98,-40.74,301.134,2.06
181,Buraydah,40,1554652800,57,26.33,43.97,298.15,5.1
182,Tuatapere,8,1554656249,100,-46.13,167.69,279.434,1.51
183,Dingle,76,1554656249,97,11.0,122.67,297.684,4.36
184,Neuquen,0,1554652800,36,-38.95,-68.06,299.15,1.0
185,Yinchuan,92,1554656090,16,38.48,106.21,288.15,1.34
186,Mayumba,56,1554656250,90,-3.44,10.65,301.184,3.86
187,Sept-Iles,40,1554655995,32,50.2,-66.38,270.93,9.8
188,Qrendi,75,1554656142,87,35.83,14.46,288.15,4.1
189,Kavieng,48,1554656251,100,-2.57,150.8,299.034,2.01
190,Yerkoy,32,1554656251,68,39.64,34.47,282.384,1.06
191,Kabalo,24,1554656251,67,-6.05,26.92,300.634,2.61
192,Chichli,24,1554656251,61,22.83,78.82,297.284,0.76
193,Kasongo-Lunda,20,1554656251,81,-6.48,16.82,297.834,1.66
194,Quatre Cocos,40,1554656039,74,-20.21,57.76,300.15,5.7
195,Matera,40,1554656166,93,40.67,16.6,287.04,1.5
196,Udachnyy,64,1554656252,73,66.42,112.4,268.684,1.96
197,Zhangye,8,1554656252,69,38.94,100.46,277.134,2.81
198,Mizan Teferi,88,1554656252,80,6.99,35.58,292.334,1.61
199,Tura,0,1554656253,94,25.52,90.21,291.134,2.86
200,Codrington,40,1554656175,93,-28.95,153.24,292.04,1.61
201,Susuman,36,1554656255,56,62.78,148.15,257.334,1.11
202,Half Moon Bay,40,1554656251,77,37.46,-122.43,292.59,3.1
203,Esna,80,1554656255,61,45.2,27.57,285.634,2.11
204,Seoul,20,1554654600,29,37.57,126.98,286.15,0.5
205,Dawlatabad,0,1554656256,82,36.41,64.91,289.434,3.41
206,Vestmanna,44,1554655800,65,62.16,-7.17,278.15,5.7
207,Belluno,0,1554656233,58,46.14,12.22,289.26,1.5
208,Mildura,0,1554655583,71,-34.18,142.16,287.15,2.1
209,Waihi Beach,0,1554656223,82,-37.4,175.93,284.82,1.79
210,Mamakan,0,1554656257,70,57.82,114.02,260.584,0.96
211,Lima,20,1554655929,78,-12.06,-77.04,298.15,3.1
212,Imbituba,90,1554652800,88,-28.24,-48.67,295.15,5.1
213,Beringovskiy,64,1554656257,86,63.05,179.32,261.134,11.46
214,Vuktyl,0,1554656258,83,63.86,57.31,275.234,3.01
215,Hithadhoo,92,1554656258,100,-0.6,73.08,302.834,1.61
216,Bethanien,0,1554656258,24,-26.5,17.16,296.934,6.31
217,Srednekolymsk,44,1554656258,89,67.46,153.71,258.684,1.21
218,Te Anau,0,1554656259,71,-45.41,167.72,269.134,1.76
219,Egvekinot,20,1554656259,79,66.32,-179.17,257.134,3.01
220,Constantine,75,1554654600,87,36.36,6.61,279.15,9.3
221,Anaconda,90,1554655650,52,46.13,-112.94,280.15,1.5
222,Atar,0,1554656260,14,20.52,-13.05,302.434,3.91
223,Provideniya,0,1554656260,100,64.42,-173.23,263.534,11.21
224,Aykhal,76,1554656260,84,65.95,111.51,268.484,2.26
225,Takoradi,68,1554656260,93,4.89,-1.75,301.784,5.41
226,Aulnoye-Aymeries,88,1554655927,77,50.2,3.84,289.82,4.6
227,Wana,0,1554656261,84,32.31,69.59,280.534,0.86
228,Torbay,90,1554656003,71,47.66,-52.73,274.82,7.2
229,Nioro,0,1554656261,20,13.79,-15.05,310.784,4.71
230,Samarai,92,1554656262,100,-10.62,150.67,297.884,2.11
231,Pangody,44,1554656262,84,65.85,74.49,268.734,4.91
232,Tuktoyaktuk,40,1554652800,76,69.44,-133.03,253.15,2.1
233,Huarmey,8,1554656263,56,-10.07,-78.15,299.084,1.66
234,Chuy,20,1554656045,86,-33.69,-53.46,295.634,2.06
235,Pokhara,0,1554656105,82,28.21,83.99,280.934,0.86
236,Muncar,80,1554656263,100,-8.43,114.34,299.034,1.51
237,Hudson Bay,88,1554656263,94,52.86,-102.4,278.184,1.41
238,Karabanovo,0,1554656264,73,56.31,38.7,276.334,2.01
239,Hofn,75,1554652800,55,64.25,-15.21,277.15,4.6
240,Am Timan,0,1554656264,34,11.04,20.28,304.034,1.41
241,Oxapampa,92,1554656264,99,-10.58,-75.4,285.084,1.06
242,Quanzhou,8,1554652800,94,24.9,118.59,295.15,1.0
243,Sangueya,68,1554656265,39,10.7,-14.37,308.134,2.11
244,Shingu,80,1554656265,100,33.72,135.99,288.434,2.86
245,Virden,0,1554656265,100,49.85,-100.93,283.284,4.66
246,Bam,8,1554656265,34,29.11,58.36,289.284,1.21
247,Port Blair,0,1554656262,100,11.67,92.75,302.434,1.96
248,Grindavik,75,1554654600,60,63.84,-22.43,280.15,3.6
249,Namibe,0,1554656266,100,-15.19,12.15,298.384,3.91
250,Fort Saint James,36,1554656266,53,54.43,-124.25,279.184,1.41
251,Bima,12,1554656266,100,-8.45,118.73,296.934,1.66
252,Dakar,0,1554652800,64,14.69,-17.45,306.15,5.1
253,Nome,90,1554656254,83,30.04,-94.42,298.15,5.7
254,Kloulklubed,90,1554652200,94,7.04,134.26,299.15,2.1
255,Cabo San Lucas,5,1554656143,56,22.89,-109.91,300.37,1.0
256,La Union,0,1554656268,54,14.97,-89.29,302.334,0.86
257,Kazachinskoye,12,1554656268,80,57.69,93.28,267.434,2.46
258,Olinda,75,1554656121,58,-2.03,-79.75,303.15,2.1
259,Tambacounda,0,1554652800,26,13.77,-13.67,314.15,2.1
260,Bereda,20,1554656043,93,43.27,-7.54,283.71,7.2
261,Itanagar,92,1554656269,81,27.1,93.63,291.334,1.31
262,Arlit,0,1554656269,17,18.74,7.39,302.934,3.21
263,Roald,75,1554656103,60,62.58,6.12,280.15,11.8
264,Bonthe,76,1554656269,69,7.53,-12.5,302.434,3.01
265,Abha,0,1554652800,68,18.22,42.5,294.15,4.6
266,Kalmunai,20,1554656270,96,7.42,81.82,297.734,1.41
267,Alice Springs,8,1554654600,40,-23.7,133.88,294.15,2.6
268,Fortuna,20,1554656118,51,38.18,-1.13,294.15,9.3
269,Isangel,24,1554656270,100,-19.55,169.27,298.234,5.16
270,Lingyuan,12,1554656271,48,41.24,119.4,273.684,1.81
271,Ribeira Brava,40,1554656009,52,32.65,-17.07,293.15,3.1
272,Asyut,0,1554652800,26,27.18,31.19,299.15,6.7
273,Mogadishu,0,1554656271,99,2.04,45.34,301.734,4.91
274,Gonzales,1,1554656129,82,36.51,-121.44,291.48,1.36
275,Saint-Augustin,40,1554655832,54,44.83,-0.61,289.26,3.6
276,Sitka,0,1554655597,34,37.17,-99.65,294.26,9.83
277,Port Macquarie,75,1554656105,93,-31.43,152.91,292.04,3.66
278,Shihezi,44,1554656273,70,44.3,86.03,277.934,3.76
279,Tricase,75,1554656094,82,39.93,18.36,288.15,4.1
280,Praya,40,1554654600,100,-8.71,116.27,298.15,4.26
281,Davila,8,1554656273,99,18.47,120.58,299.284,4.46
282,Baykit,0,1554656273,71,61.68,96.39,261.984,2.56
283,Ballina,75,1554656223,71,54.11,-9.15,286.48,6.2
284,Xixiang,20,1554656183,83,22.58,113.87,299.15,1.5
285,Mpika,20,1554656274,59,-11.84,31.4,296.584,4.81
286,Sambava,56,1554656049,100,-14.27,50.17,299.084,4.51
287,Havre-Saint-Pierre,90,1554652800,36,50.23,-63.6,272.15,5.1
288,Temizhbekskaya,0,1554656275,70,45.45,40.85,285.434,5.26
289,Birao,0,1554656275,20,10.3,22.78,302.684,2.56
290,Kahului,1,1554655853,77,20.89,-156.47,293.71,2.1
291,Gold Coast,40,1554656207,93,-28.0,153.41,291.48,2.1
292,Sergeyevka,0,1554656276,68,53.88,67.42,276.284,3.46
293,Tiassale,68,1554656276,59,5.9,-4.83,304.334,3.96
294,Amga,8,1554656276,74,60.89,131.98,266.734,2.56
295,Sebinkarahisar,80,1554656276,79,40.29,38.42,277.834,0.96
296,Arman,12,1554656277,79,59.7,150.17,263.484,1.41
297,Flin Flon,90,1554652800,85,54.77,-101.88,267.15,3.6
298,Snezhnogorsk,0,1554654600,68,69.19,33.23,270.15,3.0
299,Klaksvik,44,1554655800,65,62.23,-6.59,278.15,5.7
300,Lagoa,75,1554656234,82,37.14,-8.45,290.93,6.2
301,Sarangani,20,1554656278,98,5.4,125.46,300.634,0.86
302,Taltal,0,1554656278,74,-25.41,-70.49,293.734,1.61
303,Sabang,68,1554656278,93,13.72,123.58,298.234,3.11
304,Mahajanga,20,1554652800,66,-15.72,46.32,302.15,1.56
305,Saint George,75,1554654000,67,39.45,22.34,290.15,3.6
306,Bucerias,5,1554656118,53,20.76,-105.33,298.15,1.5
307,Ahuimanu,20,1554656137,88,21.44,-157.84,294.15,1.71
308,Carnarvon,68,1554656280,51,-30.97,22.13,291.334,6.51
309,Sao Joao da Barra,20,1554652800,49,-21.64,-41.05,306.15,3.6
310,Cherskiy,0,1554656280,47,68.75,161.3,254.184,1.01
311,Damietta,0,1554652800,78,31.42,31.81,295.15,2.6
312,Stokmarknes,40,1554655553,51,68.56,14.91,275.15,4.1
313,Progreso,0,1554655557,49,-34.68,-56.22,295.15,2.6
314,Komsomolskiy,88,1554656281,88,67.55,63.78,270.184,3.56
315,Marzuq,0,1554656282,52,14.4,46.47,291.584,1.46
316,Weligama,80,1554656243,90,5.97,80.42,301.034,0.96
317,Portland,90,1554656164,87,45.52,-122.67,285.37,2.6
318,Haines Junction,88,1554656282,93,60.75,-137.51,272.534,1.21
319,Gao,0,1554656283,13,16.28,-0.04,307.034,5.01
320,Qaqortoq,8,1554652200,94,60.72,-46.03,273.15,1.5
321,Coquimbo,90,1554652800,77,-29.95,-71.34,290.15,4.6
322,Ilulissat,75,1554652200,44,69.22,-51.1,277.15,9.3
323,Longyearbyen,20,1554652200,66,78.22,15.63,262.15,3.1
324,Aksarka,56,1554656284,82,66.56,67.8,267.934,4.76
325,Ati,0,1554656284,41,13.21,18.34,304.534,1.31
326,Ilam,20,1554652800,58,33.64,46.42,285.15,2.1
327,Kutum,0,1554656284,39,14.2,24.66,295.834,1.31
328,Sindou,88,1554656284,49,10.66,-5.16,302.284,2.26
329,Hamilton,75,1554652500,83,32.3,-64.78,295.15,3.6
330,Imeni Poliny Osipenko,76,1554656286,80,52.42,136.49,269.234,1.51
331,Puerto Escondido,5,1554651900,58,15.86,-97.07,301.15,3.1
332,Ust-Koksa,20,1554656287,79,50.27,85.62,263.934,0.91
333,Kuala Terengganu,75,1554652800,88,5.33,103.14,300.15,1.0
334,Kovdor,88,1554656287,72,67.56,30.47,271.234,2.96
335,Adrar,0,1554652800,10,27.87,-0.29,300.15,5.7
336,Beian,75,1554656062,60,63.66,9.57,278.15,10.3
337,Vangaindrano,100,1554656288,83,-23.35,47.6,296.234,0.71
338,Shinshiro,75,1554656284,76,34.95,137.53,288.71,8.2
339,Erenhot,20,1554656288,42,43.65,111.97,270.784,5.26
340,Margate,40,1554656236,62,-43.03,147.26,284.15,3.6
341,Kamenka,0,1554656289,83,53.19,44.05,268.184,1.31
342,Kenai,40,1554656224,80,60.55,-151.26,277.04,2.6
343,Gigmoto,32,1554656290,100,13.78,124.39,298.134,2.86
344,Kautokeino,48,1554656290,76,69.01,23.04,268.334,2.96
345,Sobradinho,64,1554656290,75,-29.41,-53.03,294.034,2.96
346,Leningradskiy,44,1554656290,78,69.38,178.42,255.034,1.61
347,Saint Anthony,90,1554656240,75,43.97,-111.68,281.15,8.2
348,Ostrovnoy,56,1554656291,90,68.05,39.51,270.334,3.21
349,Umm Lajj,20,1554656291,72,25.02,37.27,295.734,2.56
350,Tual,32,1554656291,100,-5.67,132.75,301.934,2.56
351,Okha,32,1554656281,91,53.59,142.95,270.284,3.16
352,Teguise,40,1554654600,56,29.06,-13.56,295.15,5.7
353,Quiindy,12,1554656292,65,-25.98,-57.23,297.684,2.66
354,Santa Engracia,20,1554656117,73,41.94,-1.32,290.37,3.1
355,Kavaratti,0,1554656292,99,10.57,72.64,302.834,4.56
356,Cayenne,90,1554654600,88,4.94,-52.33,299.15,4.1
357,Juneau,75,1554652560,87,58.3,-134.42,279.15,2.1
358,Kyren,92,1554656293,92,51.68,102.13,269.484,0.96
359,Dawson Creek,20,1554652800,56,55.76,-120.23,279.15,3.6
360,Wadi Maliz,40,1554652800,81,36.47,8.55,287.15,5.1
361,Caluquembe,68,1554656294,98,-13.78,14.68,290.534,1.21
362,Tromso,75,1554655800,68,69.65,18.96,273.15,5.7
363,Tshikapa,76,1554656294,91,-6.42,20.79,297.434,0.86
364,Ahipara,48,1554656295,94,-35.17,173.16,288.234,5.76
365,Lazaro Cardenas,5,1554655959,26,28.39,-105.62,295.37,2.6
366,Harper,90,1554655546,87,30.3,-99.24,291.15,2.6
367,Santo Antonio da Platina,36,1554656295,78,-23.3,-50.08,299.934,2.31
368,Agua Branca,56,1554656295,76,-5.89,-42.63,303.284,1.96
369,Russell,0,1554652800,33,-33.01,-68.8,297.15,2.6
370,Tsaratanana,20,1554656296,53,-16.8,47.65,301.034,5.81
371,Mount Abu,0,1554656296,54,24.59,72.71,296.884,0.81
372,Jiangyou,20,1554656296,68,31.78,104.73,287.234,1.71
373,Tautira,20,1554655351,83,-17.73,-149.15,299.15,1.5
374,Gobabis,80,1554656297,57,-22.45,18.97,294.334,5.46
375,Orumiyeh,75,1554654600,57,37.55,45.08,284.15,4.1
376,Muros,75,1554656295,100,42.77,-9.06,288.15,3.1
377,Bonavista,36,1554655559,89,48.65,-53.11,273.71,5.36
378,Kerchevskiy,88,1554656298,86,59.95,56.29,276.934,4.86
379,Hobyo,0,1554656298,90,5.35,48.53,299.034,3.01
380,Galle,75,1554656294,93,29.74,-97.91,291.48,4.6
381,Aitape,64,1554656299,100,-3.15,142.36,299.034,1.86
382,Batagay,12,1554656299,57,67.65,134.64,258.334,1.26
383,Yerbogachen,48,1554656299,72,61.28,108.01,270.934,2.96
384,Taoudenni,0,1554656299,16,22.68,-3.98,300.484,1.41
385,Cabatuan,48,1554656299,95,16.95,121.67,296.084,1.01
386,Nouadhibou,0,1554652800,47,20.93,-17.03,297.15,8.2
387,Luderitz,0,1554656300,82,-26.65,15.16,289.334,6.01
388,Mpulungu,32,1554656300,83,-8.77,31.12,292.084,2.46
389,Vao,24,1554656300,62,59.1,26.19,280.484,3.06
390,Yaan,48,1554656301,64,7.38,8.57,303.684,3.16
391,Barra Velha,75,1554656290,88,-26.63,-48.68,296.15,1.5
392,Souillac,20,1554656238,51,45.6,-0.6,289.82,5.1
393,Mbigou,92,1554656301,92,-1.9,11.91,295.434,1.01
394,Alexandria,75,1554656191,74,31.31,-92.44,300.37,8.7
395,Chifeng,0,1554656302,47,42.27,118.96,270.334,2.86
396,Rock Sound,64,1554656302,95,24.9,-76.2,299.234,5.66
397,Mitsamiouli,20,1554652800,74,-11.38,43.28,303.15,1.0
398,Itarema,48,1554656303,95,-2.92,-39.92,300.784,3.41
399,Chiknayakanhalli,92,1554656303,30,13.42,76.62,302.034,2.41
400,Vestmannaeyjar,40,1554652800,84,63.44,-20.27,279.15,12.9
401,Inongo,68,1554656303,100,-1.93,18.29,295.934,0.86
402,Trinidad,0,1554656304,50,-33.52,-56.9,296.684,2.06
403,Palmer,40,1554656267,82,-34.85,139.16,292.04,6.7
404,Sao Filipe,0,1554656304,91,14.9,-24.5,295.884,6.96
405,Saint-Pierre,75,1554656224,58,48.95,4.24,288.15,5.7
406,Boali,20,1554652800,52,4.81,18.11,304.15,2.1
407,Port Moresby,75,1554652800,88,-9.47,147.16,298.15,2.1
408,Khandbari,0,1554656306,87,27.38,87.21,274.584,0.51
409,Mayo,75,1554652800,68,63.59,-135.9,269.15,5.1
410,Katangli,68,1554656306,89,51.71,143.23,270.534,4.11
411,Lufilufi,68,1554656307,96,-13.87,-171.6,303.284,5.11
412,Teeli,68,1554656307,88,51.01,90.2,265.984,0.81
413,Rognan,20,1554655817,47,67.1,15.4,277.04,8.2
414,Tiarei,20,1554655351,83,-17.53,-149.33,299.15,1.5
415,Mehran,20,1554652800,58,33.12,46.17,285.15,2.1
416,Airai,12,1554656308,91,-8.93,125.41,293.434,0.46
417,Khor,0,1554656308,77,47.88,134.96,266.534,1.36
418,Xai-Xai,0,1554656308,99,-25.04,33.64,297.934,4.01
419,Nadym,92,1554656308,89,65.53,72.51,270.734,2.71
420,Tobol,24,1554654000,60,59.83,12.54,281.15,6.2
421,Waingapu,44,1554656283,93,-9.65,120.26,297.034,3.01
422,Rafai,0,1554656309,62,4.95,23.92,299.684,2.51
423,College,1,1554656223,63,64.86,-147.8,273.15,2.1
424,Port Hardy,75,1554652800,93,50.7,-127.42,278.15,3.1
425,Nuuk,40,1554655330,60,64.17,-51.74,277.15,6.2
426,San Ramon,40,1554656114,65,12.92,-85.84,298.15,2.1
427,Mazagao,75,1554652800,100,-0.12,-51.29,302.15,7.2
428,Vaitape,92,1554656311,100,-16.52,-151.75,301.834,7.56
429,Baghmara,20,1554656311,81,23.8,86.21,296.184,1.11
430,Dawei,8,1554656311,93,14.07,98.19,297.434,0.81
431,Petropavlovsk-Kamchatskiy,40,1554652800,59,53.05,158.65,274.15,3.0
432,Riyadh,56,1554652800,27,24.63,46.72,303.15,9.8
433,Nampula,40,1554652800,74,-15.12,39.26,300.15,5.1
434,Jinchang,76,1554656312,73,38.52,102.19,278.334,1.21
435,Norman Wells,90,1554652800,79,65.28,-126.83,267.15,1.0
436,Khorixas,0,1554656313,55,-20.37,14.96,295.584,2.31
437,Myitkyina,92,1554656313,98,25.38,97.4,290.634,1.01
438,Yulara,0,1554652800,31,-25.24,130.99,296.15,2.1
439,Maldonado,0,1554652800,46,-34.91,-54.96,295.15,1.5
440,Murska Sobota,75,1554656152,76,46.66,16.17,287.04,1.0
441,Aksum,32,1554656314,93,14.12,38.72,287.534,1.06
442,Tokur,44,1554656314,84,53.13,132.9,265.834,1.31
443,Barguzin,0,1554656314,55,53.62,109.63,257.584,0.91
444,Charlestown,1,1554656313,58,41.38,-71.64,290.93,5.7
445,Do Gonbadan,75,1554652800,64,30.36,50.8,293.15,6.2
446,Murwillumbah,40,1554656188,93,-28.33,153.4,292.04,2.1
447,Hambantota,80,1554656316,100,6.12,81.12,301.784,1.96
448,Pakxan,48,1554656316,94,18.39,103.66,296.034,0.81
449,Kaduna,48,1554656316,58,10.52,7.44,301.734,3.21
450,Serebryansk,0,1554656316,75,49.68,83.3,268.584,1.11
451,Nipawin,90,1554652800,100,53.36,-104.02,273.15,4.1
452,Jutai,92,1554656317,96,-1.71,-47.89,298.234,1.46
453,Kaman,20,1554656317,72,39.36,33.73,282.034,1.11
454,Sobolevo,80,1554656317,55,54.43,31.9,281.184,3.96
455,Xuchang,0,1554652800,72,34.03,113.82,289.15,1.0
456,Senador Pompeu,64,1554656318,90,-5.58,-39.37,299.034,3.56
457,Port Pirie,0,1554652800,76,-33.18,138.01,286.15,3.6
458,Katsuura,75,1554654899,76,33.93,134.5,287.15,4.6
459,Tilichiki,48,1554656319,83,60.47,166.1,265.534,1.46
460,Altay,36,1554656319,89,47.83,88.13,266.684,1.06
461,Road Town,40,1554655932,54,18.42,-64.62,302.15,5.1
462,Tuzamapan,0,1554656319,59,19.4,-96.86,304.634,3.86
463,Lata,24,1554656319,97,30.78,78.62,280.034,1.06
464,Cabedelo,75,1554652800,66,-6.97,-34.84,304.15,6.2
465,Kirensk,12,1554656320,68,57.78,108.12,265.434,2.41
466,Chistogorskiy,12,1554656320,81,53.98,87.38,265.784,1.36
467,Alice,40,1554655576,100,27.75,-98.07,293.15,4.1
468,Waipawa,92,1554655816,94,-39.94,176.59,283.15,0.45
469,North Bend,90,1554656126,100,43.41,-124.22,286.48,2.6
470,Bahawalpur,0,1554656321,60,29.39,71.66,298.284,3.31
471,Rinconada,40,1554656110,43,25.68,-100.71,299.82,1.56
472,Beatrice,75,1554656285,77,40.27,-96.75,292.04,5.1
473,Daru,64,1554656322,70,7.99,-10.85,301.834,3.36
474,Bafoulabe,0,1554656322,21,13.81,-10.83,309.084,4.46
475,Kaputa,20,1554656322,73,-8.47,29.66,295.584,1.11
476,Luanda,64,1554656314,87,-8.83,13.24,301.434,2.86
477,Vila Franca do Campo,20,1554656284,62,37.72,-25.43,288.15,9.3
478,Muroto,76,1554656323,100,33.37,134.14,284.734,4.36
479,Lollar,40,1554656225,54,50.65,8.71,291.48,3.6
480,Olga,1,1554656321,63,34.11,-118.17,294.82,0.66
481,Cruz do Espirito Santo,75,1554652800,66,-7.14,-35.09,304.15,6.2
482,Alofi,92,1554652800,94,-19.06,-169.92,298.15,1.5
483,Najran,75,1554652800,27,17.54,44.22,305.15,5.1
484,Emet,0,1554656324,93,39.34,29.26,281.334,1.01
485,Svetlogorsk,56,1554654600,60,53.14,59.15,278.15,2.0
486,Hornepayne,88,1554656325,64,49.22,-84.78,274.734,4.51
487,Mwanza,20,1554652800,69,-2.52,32.9,299.15,4.76
488,Abu Samrah,24,1554656325,84,35.3,37.18,288.234,1.36
489,Bani,0,1554656326,100,15.89,120.27,297.084,1.91
490,Kidal,0,1554656326,10,18.44,1.41,302.534,3.86
491,Galesong,40,1554654600,94,-5.32,119.37,299.15,1.5
492,El Campo,90,1554656309,93,29.2,-96.27,295.37,5.1
493,Ucluelet,75,1554656219,93,48.94,-125.55,282.04,1.5
494,Churapcha,8,1554656327,75,62.0,132.43,266.684,2.91
495,Manokwari,44,1554656258,100,-0.87,134.08,299.234,2.16
496,Oussouye,0,1554652800,18,12.49,-16.54,314.15,3.1
497,Stolbishche,64,1554656327,54,52.59,35.29,281.334,4.46
498,Beyneu,88,1554656328,60,45.32,55.19,284.034,5.16
499,Lindi,75,1554652800,94,-10.0,39.71,299.15,4.6
500,Palana,0,1554656328,65,59.08,159.95,262.034,1.56
501,Santiago del Estero,0,1554656328,53,-27.8,-64.26,300.134,3.21
502,Blythe,1,1554656313,28,33.61,-114.59,297.04,3.6
503,Puerto del Rosario,75,1554652800,46,28.5,-13.86,296.15,7.2
504,Malini,90,1554656312,76,42.88,25.37,286.15,1.0
505,Tomatlan,0,1554656329,54,19.93,-105.25,301.084,1.46
506,Fairbanks,1,1554656324,63,64.84,-147.72,273.15,2.1
507,Makakilo City,1,1554656137,82,21.35,-158.09,294.15,2.1
508,Aklavik,40,1554652800,84,68.22,-135.01,260.15,2.1
509,Khanpur,0,1554656330,44,28.65,70.66,299.234,2.06
510,Raytown,90,1554656294,82,39.01,-94.46,295.37,5.7
511,Spas-Klepiki,20,1554656228,56,55.13,40.18,275.37,0.45
512,Raudeberg,0,1554656103,39,61.99,5.14,282.15,7.2
513,Motygino,8,1554656331,69,58.18,94.69,269.234,2.31
514,Khalkhal,88,1554656331,86,37.62,48.53,277.784,0.36
515,Zheshart,92,1554656331,94,62.09,49.59,276.534,2.46
516,Shahrud,92,1554656331,96,36.42,54.97,282.134,0.96
517,Keti Bandar,0,1554656332,90,24.14,67.45,300.534,8.21
518,Ternate,75,1554656283,74,14.29,120.72,302.59,3.1
519,The Valley,20,1554655698,58,18.22,-63.06,301.15,7.7
520,Kodinar,0,1554656332,65,20.79,70.7,298.334,4.01
521,Hailar,88,1554656333,76,49.2,119.7,269.134,3.66
522,Puerto Ayacucho,48,1554652800,52,5.66,-67.63,306.15,2.6
523,Labuhan,88,1554656333,97,-2.54,115.51,295.684,0.86
524,Khasan,92,1554656333,82,42.43,130.64,277.334,3.21
525,Mazatlan,20,1554655730,57,23.22,-106.42,299.26,2.1
526,Whitehorse,75,1554656308,77,60.72,-135.06,273.15,4.1
527,Alpena,40,1554656310,62,45.06,-83.43,288.71,3.1
528,Shache,8,1554656167,53,38.42,77.24,294.82,0.45
